{"_timestamp":1.7482072294717233e+09,"_wandb":{"runtime":10653},"_runtime":10572.4431272,"_step":199,"loss":0.1348610669374466,"epoch":199}