{"_wandb":{"runtime":496},"loss":NaN,"epoch":20,"_timestamp":1.7473948222114186e+09,"_runtime":383.4151287,"_step":1}