{"_step":71,"loss":0.11737117916345596,"_wandb":{"runtime":25659},"epoch":71,"_timestamp":1.7484084995090485e+09,"_runtime":25652.4871111}