{"_step":166,"loss":0.18637707829475403,"epoch":0,"_timestamp":1.7483774459745715e+09,"_runtime":6433.5924874,"_wandb":{"runtime":6456}}