{"loss":0.18001702427864075,"epoch":247,"_timestamp":1.7479687728268242e+09,"_runtime":22820.9268533,"_step":247,"_wandb":{"runtime":22833}}