{"_runtime":3275.7997533,"_step":166,"_wandb":{"runtime":3298},"loss":0.1571132242679596,"epoch":0,"_timestamp":1.7483818208616192e+09}