{"_runtime":3172.8550891,"_step":199,"loss":0.15505054593086243,"epoch":199,"_wandb":{"runtime":3174},"_timestamp":1.7476502650812252e+09}