{"_timestamp":1.7479275654924471e+09,"_runtime":7281.5503196,"_step":147,"_wandb":{"runtime":7325},"loss":0.2695508897304535,"epoch":147}