{"loss":0.17267872393131256,"epoch":199,"_wandb":{"runtime":10080},"_timestamp":1.7482115828741288e+09,"_runtime":10030.0504688,"_step":199}