{"_wandb":{"runtime":125},"_step":7,"loss":0.262168288230896,"epoch":7,"_timestamp":1.748180072845479e+09,"_runtime":120.1222299}