{"_step":219,"_wandb":{"runtime":4620},"loss":0.16480036079883575,"epoch":219,"_timestamp":1.7481873009523997e+09,"_runtime":4610.9989067}