{"_runtime":16006.7506908,"_step":326,"loss":0.15968912839889526,"_wandb":{"runtime":16034},"epoch":326,"_timestamp":1.7479437203497334e+09}