{"_runtime":3995.3639961,"_step":199,"_wandb":{"runtime":3997},"loss":0.15003716945648193,"epoch":199,"_timestamp":1.7479728221523492e+09}