{"_wandb":{"runtime":4726},"_runtime":4725.9714349,"_step":200,"loss":0.1683947890996933,"epoch":199,"_timestamp":1.747914181409583e+09,"samples":{"size":108139,"path":"media/images/samples_200_1c5a8c6dd0616f22be7e.png","format":"png","width":1200,"height":400,"_type":"image-file","sha256":"1c5a8c6dd0616f22be7eac4c108345f4aefc3cca3993d9cbc45ad82b4a653278"}}