{"_runtime":23491.1456993,"_step":599,"_wandb":{"runtime":23577},"loss":0.12850259244441986,"epoch":599,"_timestamp":1.7482109891102436e+09}