{"loss":0.13090741634368896,"epoch":94,"_timestamp":1.7479094265824358e+09,"_runtime":2092.1990459,"_step":94,"_wandb":{"runtime":2099}}