{"_wandb":{"runtime":1218},"epoch":26,"_timestamp":1.7473961553819947e+09,"_runtime":1205.0163387,"_step":26,"loss":0.1676810383796692}